<?xml version="1.0" encoding="UTF-8"?>
<project-private xmlns="http://www.netbeans.org/ns/project-private/1">
    <editor-bookmarks xmlns="http://www.netbeans.org/ns/editor-bookmarks/2" lastBookmarkId="0"/>
    <open-files xmlns="http://www.netbeans.org/ns/projectui-open-files/2">
        <group>
            <file>file:/C:/Users/kaedo/OneDrive/Documents/NetBeansProjects/PROG_POE_PART3_KAEDON_NAIDOO_ST10293141/test/prog_poe_part3_kaedon_naidoo_st10293141/RegisterTest.java</file>
            <file>file:/C:/Users/kaedo/OneDrive/Documents/NetBeansProjects/PROG_POE_PART3_KAEDON_NAIDOO_ST10293141/test/prog_poe_part3_kaedon_naidoo_st10293141/TaskTest.java</file>
            <file>file:/C:/Users/kaedo/OneDrive/Documents/NetBeansProjects/PROG_POE_PART3_KAEDON_NAIDOO_ST10293141/src/prog_poe_part3_kaedon_naidoo_st10293141/prog_poe_part3_kaedon_naidoo_st10293141.java</file>
            <file>file:/C:/Users/kaedo/OneDrive/Documents/NetBeansProjects/PROG_POE_PART3_KAEDON_NAIDOO_ST10293141/src/prog_poe_part3_kaedon_naidoo_st10293141/Task.java</file>
            <file>file:/C:/Users/kaedo/OneDrive/Documents/NetBeansProjects/PROG_POE_PART3_KAEDON_NAIDOO_ST10293141/src/prog_poe_part3_kaedon_naidoo_st10293141/Register.java</file>
            <file>file:/C:/Users/kaedo/OneDrive/Documents/NetBeansProjects/PROG_POE_PART3_KAEDON_NAIDOO_ST10293141/src/prog_poe_part3_kaedon_naidoo_st10293141/Login.java</file>
        </group>
    </open-files>
</project-private>
